01	T	0.45	내년 1월부터 코인 세금 붙는다던데, 차익 1억 나면 얼마예요?	기본	차익 1억이면?
02	N	0.55	2,145만원입니다.	기본	2,145만원
03	T	0.40	네?! 그렇게 많이요?	놀람	
04	N	0.60	1억에서 250만원 빼고, 22%요.	설명	(1억 − 250만) × 22%
05	N	0.45	그런데 그 내년 1월, 아직 확정된 게 아닙니다.	경고	아직 확정 아님
06	T	0.40	네? 무슨 말이에요?	놀람	
07	N	0.55	벌써 세 번 미뤄졌어요. 지금도 국회에 폐지안, 유예안, 공제한도 올리자는 안까지 올라와 있습니다.	설명	✕2023  ✕2025  ?2027
08	T	0.45	그럼 지금은 뭘 해야 돼요?	기본	
09	N	0.40	차익은 판 가격에서 취득가를 뺀 금액인데요.	설명	판 가격 − 취득가
10	N	0.45	그 취득가가 실제로 산 가격이랑 2026년 12월 31일 가격 중 큰 쪽으로 정해집니다.	설명	실제 매수가 vs 26.12.31
11	N	0.40	2026년까지 실현한 차익은 비과세고요.	설명	2026년까지 비과세
12	N	0.45	그래서 올해 매도 후 즉시 재매수로 취득가를 높이는 전략을 검토해 볼 수 있습니다.	설명	매도 후 즉시 재매수
13	N	0.45	다만 재매수 과정의 시세 변동과 수수료는 본인 부담이니 신중하게 판단하셔야 합니다.	경고	시세변동·수수료 본인 부담
14	N	0.40	그리고 거래소마다 거래 내역은 꼭 내려받아 두세요.	설명	거래 내역 백업
15	N	0.00	얼마에 샀는지 증명 못 하면 세금이 늘어납니다. 거래소 문 닫으면 그 기록은 못 찾을 수도 있어요.	경고	증명 못 하면 세금 ↑
